cities,state,country,country_code
Alexander City,Alabama,USA,US
Andalusia,Alabama,USA,US
Anniston,Alabama,USA,US
Athens,Alabama,USA,US
Atmore,Alabama,USA,US
Auburn,Alabama,USA,US
Bessemer,Alabama,USA,US
Birmingham,Alabama,USA,US
Chickasaw,Alabama,USA,US
Clanton,Alabama,USA,US
Cullman,Alabama,USA,US
Decatur,Alabama,USA,US
Demopolis,Alabama,USA,US
Dothan,Alabama,USA,US
Enterprise,Alabama,USA,US
Eufaula,Alabama,USA,US
Florence,Alabama,USA,US
Fort Payne,Alabama,USA,US
Gadsden,Alabama,USA,US
Greenville,Alabama,USA,US
Guntersville,Alabama,USA,US
Huntsville,Alabama,USA,US
Jasper,Alabama,USA,US
Marion,Alabama,USA,US
Mobile,Alabama,USA,US
Montgomery,Alabama,USA,US
Opelika,Alabama,USA,US
Ozark,Alabama,USA,US
Phenix City,Alabama,USA,US
Prichard,Alabama,USA,US
Scottsboro,Alabama,USA,US
Selma,Alabama,USA,US
Sheffield,Alabama,USA,US
Sylacauga,Alabama,USA,US
Talladega,Alabama,USA,US
Troy,Alabama,USA,US
Tuscaloosa,Alabama,USA,US
Tuscumbia,Alabama,USA,US
Tuskegee,Alabama,USA,US
Anchorage,Alaska,USA,US
Cordova,Alaska,USA,US
Fairbanks,Alaska,USA,US
Haines,Alaska,USA,US
Homer,Alaska,USA,US
Juneau,Alaska,USA,US
Ketchikan,Alaska,USA,US
Kodiak,Alaska,USA,US
Kotzebue,Alaska,USA,US
Nome,Alaska,USA,US
Palmer,Alaska,USA,US
Seward,Alaska,USA,US
Sitka,Alaska,USA,US
Skagway,Alaska,USA,US
Valdez,Alaska,USA,US
Ajo,Arizona,USA,US
Avondale,Arizona,USA,US
Bisbee,Arizona,USA,US
Casa Grande,Arizona,USA,US
Chandler,Arizona,USA,US
Clifton,Arizona,USA,US
Douglas,Arizona,USA,US
Flagstaff,Arizona,USA,US
Florence,Arizona,USA,US
Gila Bend,Arizona,USA,US
Glendale,Arizona,USA,US
Globe,Arizona,USA,US
Kingman,Arizona,USA,US
Lake Havasu City,Arizona,USA,US
Mesa,Arizona,USA,US
Nogales,Arizona,USA,US
Oraibi,Arizona,USA,US
Phoenix,Arizona,USA,US
Prescott,Arizona,USA,US
Scottsdale,Arizona,USA,US
Sierra Vista,Arizona,USA,US
Tempe,Arizona,USA,US
Tombstone,Arizona,USA,US
Tucson,Arizona,USA,US
Walpi,Arizona,USA,US
Window Rock,Arizona,USA,US
Winslow,Arizona,USA,US
Yuma,Arizona,USA,US
Arkadelphia,Arkansas,USA,US
Arkansas Post,Arkansas,USA,US
Batesville,Arkansas,USA,US
Benton,Arkansas,USA,US
Blytheville,Arkansas,USA,US
Camden,Arkansas,USA,US
Conway,Arkansas,USA,US
Crossett,Arkansas,USA,US
El Dorado,Arkansas,USA,US
Fayetteville,Arkansas,USA,US
Forrest City,Arkansas,USA,US
Fort Smith,Arkansas,USA,US
Harrison,Arkansas,USA,US
Helena,Arkansas,USA,US
Hope,Arkansas,USA,US
Hot Springs,Arkansas,USA,US
Jacksonville,Arkansas,USA,US
Jonesboro,Arkansas,USA,US
Little Rock,Arkansas,USA,US
Magnolia,Arkansas,USA,US
Morrilton,Arkansas,USA,US
Newport,Arkansas,USA,US
North Little Rock,Arkansas,USA,US
Osceola,Arkansas,USA,US
Pine Bluff,Arkansas,USA,US
Rogers,Arkansas,USA,US
Searcy,Arkansas,USA,US
Stuttgart,Arkansas,USA,US
Van Buren,Arkansas,USA,US
West Memphis,Arkansas,USA,US
Alameda,California,USA,US
Alhambra,California,USA,US
Anaheim,California,USA,US
Antioch,California,USA,US
Arcadia,California,USA,US
Bakersfield,California,USA,US
Barstow,California,USA,US
Belmont,California,USA,US
Berkeley,California,USA,US
Beverly Hills,California,USA,US
Brea,California,USA,US
Buena Park,California,USA,US
Burbank,California,USA,US
Calexico,California,USA,US
Calistoga,California,USA,US
Carlsbad,California,USA,US
Carmel,California,USA,US
Chico,California,USA,US
Chula Vista,California,USA,US
Claremont,California,USA,US
Compton,California,USA,US
Concord,California,USA,US
Corona,California,USA,US
Coronado,California,USA,US
Costa Mesa,California,USA,US
Culver City,California,USA,US
Daly City,California,USA,US
Davis,California,USA,US
Downey,California,USA,US
El Centro,California,USA,US
El Cerrito,California,USA,US
El Monte,California,USA,US
Escondido,California,USA,US
Eureka,California,USA,US
Fairfield,California,USA,US
Fontana,California,USA,US
Fremont,California,USA,US
Fresno,California,USA,US
Fullerton,California,USA,US
Garden Grove,California,USA,US
Glendale,California,USA,US
Hayward,California,USA,US
Hollywood,California,USA,US
Huntington Beach,California,USA,US
Indio,California,USA,US
Inglewood,California,USA,US
Irvine,California,USA,US
La Habra,California,USA,US
Laguna Beach,California,USA,US
Lancaster,California,USA,US
Livermore,California,USA,US
Lodi,California,USA,US
Lompoc,California,USA,US
Long Beach,California,USA,US
Los Angeles,California,USA,US
Malibu,California,USA,US
Martinez,California,USA,US
Marysville,California,USA,US
Menlo Park,California,USA,US
Merced,California,USA,US
Modesto,California,USA,US
Monterey,California,USA,US
Mountain View,California,USA,US
Napa,California,USA,US
Needles,California,USA,US
Newport Beach,California,USA,US
Norwalk,California,USA,US
Novato,California,USA,US
Oakland,California,USA,US
Oceanside,California,USA,US
Ojai,California,USA,US
Ontario,California,USA,US
Orange,California,USA,US
Oroville,California,USA,US
Oxnard,California,USA,US
Pacific Grove,California,USA,US
Palm Springs,California,USA,US
Palmdale,California,USA,US
Palo Alto,California,USA,US
Pasadena,California,USA,US
Petaluma,California,USA,US
Pomona,California,USA,US
Port Hueneme,California,USA,US
Rancho Cucamonga,California,USA,US
Red Bluff,California,USA,US
Redding,California,USA,US
Redlands,California,USA,US
Redondo Beach,California,USA,US
Redwood City,California,USA,US
Richmond,California,USA,US
Riverside,California,USA,US
Roseville,California,USA,US
Sacramento,California,USA,US
Salinas,California,USA,US
San Bernardino,California,USA,US
San Clemente,California,USA,US
San Diego,California,USA,US
San Fernando,California,USA,US
San Francisco,California,USA,US
San Gabriel,California,USA,US
San Jose,California,USA,US
San Juan Capistrano,California,USA,US
San Leandro,California,USA,US
San Luis Obispo,California,USA,US
San Marino,California,USA,US
San Mateo,California,USA,US
San Pedro,California,USA,US
San Rafael,California,USA,US
San Simeon,California,USA,US
Santa Ana,California,USA,US
Santa Barbara,California,USA,US
Santa Clara,California,USA,US
Santa Clarita,California,USA,US
Santa Cruz,California,USA,US
Santa Monica,California,USA,US
Santa Rosa,California,USA,US
Sausalito,California,USA,US
Simi Valley,California,USA,US
Sonoma,California,USA,US
South San Francisco,California,USA,US
Stockton,California,USA,US
Sunnyvale,California,USA,US
Susanville,California,USA,US
Thousand Oaks,California,USA,US
Torrance,California,USA,US
Turlock,California,USA,US
Ukiah,California,USA,US
Vallejo,California,USA,US
Ventura,California,USA,US
Victorville,California,USA,US
Visalia,California,USA,US
Walnut Creek,California,USA,US
Watts,California,USA,US
West Covina,California,USA,US
Whittier,California,USA,US
Woodland,California,USA,US
Yorba Linda,California,USA,US
Yuba City,California,USA,US
Alamosa,Colorado,USA,US
Aspen,Colorado,USA,US
Aurora,Colorado,USA,US
Boulder,Colorado,USA,US
Breckenridge,Colorado,USA,US
Brighton,Colorado,USA,US
Canon City,Colorado,USA,US
Central City,Colorado,USA,US
Climax,Colorado,USA,US
Colorado Springs,Colorado,USA,US
Cortez,Colorado,USA,US
Cripple Creek,Colorado,USA,US
Denver,Colorado,USA,US
Durango,Colorado,USA,US
Englewood,Colorado,USA,US
Estes Park,Colorado,USA,US
Fort Collins,Colorado,USA,US
Fort Morgan,Colorado,USA,US
Georgetown,Colorado,USA,US
Glenwood Springs,Colorado,USA,US
Golden,Colorado,USA,US
Grand Junction,Colorado,USA,US
Greeley,Colorado,USA,US
Gunnison,Colorado,USA,US
La Junta,Colorado,USA,US
Leadville,Colorado,USA,US
Littleton,Colorado,USA,US
Longmont,Colorado,USA,US
Loveland,Colorado,USA,US
Montrose,Colorado,USA,US
Ouray,Colorado,USA,US
Pagosa Springs,Colorado,USA,US
Pueblo,Colorado,USA,US
Silverton,Colorado,USA,US
Steamboat Springs,Colorado,USA,US
Sterling,Colorado,USA,US
Telluride,Colorado,USA,US
Trinidad,Colorado,USA,US
Vail,Colorado,USA,US
Walsenburg,Colorado,USA,US
Westminste,Colorado,USA,US
Ansonia,Connecticut,USA,US
Berlin,Connecticut,USA,US
Bloomfield,Connecticut,USA,US
Branford,Connecticut,USA,US
Bridgeport,Connecticut,USA,US
Bristol,Connecticut,USA,US
Coventry,Connecticut,USA,US
Danbury,Connecticut,USA,US
Darien,Connecticut,USA,US
Derby,Connecticut,USA,US
East Hartford,Connecticut,USA,US
East Haven,Connecticut,USA,US
Enfield,Connecticut,USA,US
Fairfield,Connecticut,USA,US
Farmington,Connecticut,USA,US
Greenwich,Connecticut,USA,US
Groton,Connecticut,USA,US
Guilford,Connecticut,USA,US
Hamden,Connecticut,USA,US
Hartford,Connecticut,USA,US
Lebanon,Connecticut,USA,US
Litchfield,Connecticut,USA,US
Manchester,Connecticut,USA,US
Mansfield,Connecticut,USA,US
Meriden,Connecticut,USA,US
Middletown,Connecticut,USA,US
Milford,Connecticut,USA,US
Mystic,Connecticut,USA,US
Naugatuck,Connecticut,USA,US
New Britain,Connecticut,USA,US
New Haven,Connecticut,USA,US
New London,Connecticut,USA,US
North Haven,Connecticut,USA,US
Norwalk,Connecticut,USA,US
Norwich,Connecticut,USA,US
Old Saybrook,Connecticut,USA,US
Orange,Connecticut,USA,US
Seymour,Connecticut,USA,US
Shelton,Connecticut,USA,US
Simsbury,Connecticut,USA,US
Southington,Connecticut,USA,US
Stamford,Connecticut,USA,US
Stonington,Connecticut,USA,US
Stratford,Connecticut,USA,US
Torrington,Connecticut,USA,US
Wallingford,Connecticut,USA,US
Waterbury,Connecticut,USA,US
Waterford,Connecticut,USA,US
Watertown,Connecticut,USA,US
West Hartford,Connecticut,USA,US
West Haven,Connecticut,USA,US
Westport,Connecticut,USA,US
Wethersfield,Connecticut,USA,US
Willimantic,Connecticut,USA,US
Windham,Connecticut,USA,US
Windsor,Connecticut,USA,US
Windsor Locks,Connecticut,USA,US
Winsted,Connecticut,USA,US
Dover,Delaware,USA,US
Lewes,Delaware,USA,US
Milford,Delaware,USA,US
New Castle,Delaware,USA,US
Newark,Delaware,USA,US
Smyrna,Delaware,USA,US
Wilmington,Delaware,USA,US
Apalachicola,Florida,USA,US
Bartow,Florida,USA,US
Belle Glade,Florida,USA,US
Boca Raton,Florida,USA,US
Bradenton,Florida,USA,US
Cape Coral,Florida,USA,US
Clearwater,Florida,USA,US
Cocoa Beach,Florida,USA,US
Cocoa-Rockledge,Florida,USA,US
Coral Gables,Florida,USA,US
Daytona Beach,Florida,USA,US
De Land,Florida,USA,US
Deerfield Beach,Florida,USA,US
Delray Beach,Florida,USA,US
Fernandina Beach,Florida,USA,US
Fort Lauderdale,Florida,USA,US
Fort Myers,Florida,USA,US
Fort Pierce,Florida,USA,US
Fort Walton Beach,Florida,USA,US
Gainesville,Florida,USA,US
Hallandale Beach,Florida,USA,US
Hialeah,Florida,USA,US
Hollywood,Florida,USA,US
Homestead,Florida,USA,US
Jacksonville,Florida,USA,US
Key West,Florida,USA,US
Lake City,Florida,USA,US
Lake Wales,Florida,USA,US
Lakeland,Florida,USA,US
Largo,Florida,USA,US
Melbourne,Florida,USA,US
Miami,Florida,USA,US
Miami Beach,Florida,USA,US
Naples,Florida,USA,US
New Smyrna Beach,Florida,USA,US
Ocala,Florida,USA,US
Orlando,Florida,USA,US
Ormond Beach,Florida,USA,US
Palatka,Florida,USA,US
Palm Bay,Florida,USA,US
Palm Beach,Florida,USA,US
Panama City,Florida,USA,US
Pensacola,Florida,USA,US
Pompano Beach,Florida,USA,US
Saint Augustine,Florida,USA,US
Saint Petersburg,Florida,USA,US
Sanford,Florida,USA,US
Sarasota,Florida,USA,US
Sebring,Florida,USA,US
Tallahassee,Florida,USA,US
Tampa,Florida,USA,US
Tarpon Springs,Florida,USA,US
Titusville,Florida,USA,US
Venice,Florida,USA,US
West Palm Beach,Florida,USA,US
White Springs,Florida,USA,US
Winter Haven,Florida,USA,US
Winter Park,Florida,USA,US
Albany,Georgia,USA,US
Americus,Georgia,USA,US
Andersonville,Georgia,USA,US
Athens,Georgia,USA,US
Atlanta,Georgia,USA,US
Augusta,Georgia,USA,US
Bainbridge,Georgia,USA,US
Blairsville,Georgia,USA,US
Brunswick,Georgia,USA,US
Calhoun,Georgia,USA,US
Carrollton,Georgia,USA,US
Columbus,Georgia,USA,US
Dahlonega,Georgia,USA,US
Dalton,Georgia,USA,US
Darien,Georgia,USA,US
Decatur,Georgia,USA,US
Douglas,Georgia,USA,US
East Point,Georgia,USA,US
Fitzgerald,Georgia,USA,US
Fort Valley,Georgia,USA,US
Gainesville,Georgia,USA,US
La Grange,Georgia,USA,US
Macon,Georgia,USA,US
Marietta,Georgia,USA,US
Milledgeville,Georgia,USA,US
Plains,Georgia,USA,US
Rome,Georgia,USA,US
Savannah,Georgia,USA,US
Toccoa,Georgia,USA,US
Valdosta,Georgia,USA,US
Warm Springs,Georgia,USA,US
Warner Robins,Georgia,USA,US
Washington,Georgia,USA,US
Waycross,Georgia,USA,US
Hanalei,Hawaii,USA,US
Hilo,Hawaii,USA,US
Honaunau,Hawaii,USA,US
Honolulu,Hawaii,USA,US
Kahului,Hawaii,USA,US
Kaneohe,Hawaii,USA,US
Kapaa,Hawaii,USA,US
Kawaihae,Hawaii,USA,US
Lahaina,Hawaii,USA,US
Laie,Hawaii,USA,US
Wahiawa,Hawaii,USA,US
Wailuku,Hawaii,USA,US
Waimea,Hawaii,USA,US
Blackfoot,Idaho,USA,US
Boise,Idaho,USA,US
Bonners Ferry,Idaho,USA,US
Caldwell,Idaho,USA,US
Coeur d’Alene,Idaho,USA,US
Idaho City,Idaho,USA,US
Idaho Falls,Idaho,USA,US
Kellogg,Idaho,USA,US
Lewiston,Idaho,USA,US
Moscow,Idaho,USA,US
Nampa,Idaho,USA,US
Pocatello,Idaho,USA,US
Priest River,Idaho,USA,US
Rexburg,Idaho,USA,US
Sun Valley,Idaho,USA,US
Twin Falls,Idaho,USA,US
Alton,Illinois,USA,US
Arlington Heights,Illinois,USA,US
Arthur,Illinois,USA,US
Aurora,Illinois,USA,US
Belleville,Illinois,USA,US
Belvidere,Illinois,USA,US
Bloomington,Illinois,USA,US
Brookfield,Illinois,USA,US
Cahokia,Illinois,USA,US
Cairo,Illinois,USA,US
Calumet City,Illinois,USA,US
Canton,Illinois,USA,US
Carbondale,Illinois,USA,US
Carlinville,Illinois,USA,US
Carthage,Illinois,USA,US
Centralia,Illinois,USA,US
Champaign,Illinois,USA,US
Charleston,Illinois,USA,US
Chester,Illinois,USA,US
Chicago,Illinois,USA,US
Chicago Heights,Illinois,USA,US
Cicero,Illinois,USA,US
Collinsville,Illinois,USA,US
Danville,Illinois,USA,US
Decatur,Illinois,USA,US
DeKalb,Illinois,USA,US
Des Plaines,Illinois,USA,US
Dixon,Illinois,USA,US
East Moline,Illinois,USA,US
East Saint Louis,Illinois,USA,US
Effingham,Illinois,USA,US
Elgin,Illinois,USA,US
Elmhurst,Illinois,USA,US
Evanston,Illinois,USA,US
Freeport,Illinois,USA,US
Galena,Illinois,USA,US
Galesburg,Illinois,USA,US
Glen Ellyn,Illinois,USA,US
Glenview,Illinois,USA,US
Granite City,Illinois,USA,US
Harrisburg,Illinois,USA,US
Herrin,Illinois,USA,US
Highland Park,Illinois,USA,US
Jacksonville,Illinois,USA,US
Joliet,Illinois,USA,US
Kankakee,Illinois,USA,US
Kaskaskia,Illinois,USA,US
Kewanee,Illinois,USA,US
La Salle,Illinois,USA,US
Lake Forest,Illinois,USA,US
Libertyville,Illinois,USA,US
Lincoln,Illinois,USA,US
Lisle,Illinois,USA,US
Lombard,Illinois,USA,US
Macomb,Illinois,USA,US
Mattoon,Illinois,USA,US
Moline,Illinois,USA,US
Monmouth,Illinois,USA,US
Mount Vernon,Illinois,USA,US
Mundelein,Illinois,USA,US
Naperville,Illinois,USA,US
Nauvoo,Illinois,USA,US
Normal,Illinois,USA,US
North Chicago,Illinois,USA,US
Oak Park,Illinois,USA,US
Oregon,Illinois,USA,US
Ottawa,Illinois,USA,US
Palatine,Illinois,USA,US
Park Forest,Illinois,USA,US
Park Ridge,Illinois,USA,US
Pekin,Illinois,USA,US
Peoria,Illinois,USA,US
Petersburg,Illinois,USA,US
Pontiac,Illinois,USA,US
Quincy,Illinois,USA,US
Rantoul,Illinois,USA,US
River Forest,Illinois,USA,US
Rock Island,Illinois,USA,US
Rockford,Illinois,USA,US
Salem,Illinois,USA,US
Shawneetown,Illinois,USA,US
Skokie,Illinois,USA,US
South Holland,Illinois,USA,US
Springfield,Illinois,USA,US
Streator,Illinois,USA,US
Summit,Illinois,USA,US
Urbana,Illinois,USA,US
Vandalia,Illinois,USA,US
Virden,Illinois,USA,US
Waukegan,Illinois,USA,US
Wheaton,Illinois,USA,US
Wilmette,Illinois,USA,US
Winnetka,Illinois,USA,US
Wood River,Illinois,USA,US
Zion,Illinois,USA,US
Anderson,Indiana,USA,US
Bedford,Indiana,USA,US
Bloomington,Indiana,USA,US
Columbus,Indiana,USA,US
Connersville,Indiana,USA,US
Corydon,Indiana,USA,US
Crawfordsville,Indiana,USA,US
East Chicago,Indiana,USA,US
Elkhart,Indiana,USA,US
Elwood,Indiana,USA,US
Evansville,Indiana,USA,US
Fort Wayne,Indiana,USA,US
French Lick,Indiana,USA,US
Gary,Indiana,USA,US
Geneva,Indiana,USA,US
Goshen,Indiana,USA,US
Greenfield,Indiana,USA,US
Hammond,Indiana,USA,US
Hobart,Indiana,USA,US
Huntington,Indiana,USA,US
Indianapolis,Indiana,USA,US
Jeffersonville,Indiana,USA,US
Kokomo,Indiana,USA,US
Lafayette,Indiana,USA,US
Madison,Indiana,USA,US
Marion,Indiana,USA,US
Michigan City,Indiana,USA,US
Mishawaka,Indiana,USA,US
Muncie,Indiana,USA,US
Nappanee,Indiana,USA,US
Nashville,Indiana,USA,US
New Albany,Indiana,USA,US
New Castle,Indiana,USA,US
New Harmony,Indiana,USA,US
Peru,Indiana,USA,US
Plymouth,Indiana,USA,US
Richmond,Indiana,USA,US
Santa Claus,Indiana,USA,US
Shelbyville,Indiana,USA,US
South Bend,Indiana,USA,US
Terre Haute,Indiana,USA,US
Valparaiso,Indiana,USA,US
Vincennes,Indiana,USA,US
Wabash,Indiana,USA,US
West Lafayette,Indiana,USA,US
Amana Colonies,Iowa,USA,US
Ames,Iowa,USA,US
Boone,Iowa,USA,US
Burlington,Iowa,USA,US
Cedar Falls,Iowa,USA,US
Cedar Rapids,Iowa,USA,US
Charles City,Iowa,USA,US
Cherokee,Iowa,USA,US
Clinton,Iowa,USA,US
Council Bluffs,Iowa,USA,US
Davenport,Iowa,USA,US
Des Moines,Iowa,USA,US
Dubuque,Iowa,USA,US
Estherville,Iowa,USA,US
Fairfield,Iowa,USA,US
Fort Dodge,Iowa,USA,US
Grinnell,Iowa,USA,US
Indianola,Iowa,USA,US
Iowa City,Iowa,USA,US
Keokuk,Iowa,USA,US
Mason City,Iowa,USA,US
Mount Pleasant,Iowa,USA,US
Muscatine,Iowa,USA,US
Newton,Iowa,USA,US
Oskaloosa,Iowa,USA,US
Ottumwa,Iowa,USA,US
Sioux City,Iowa,USA,US
Waterloo,Iowa,USA,US
Webster City,Iowa,USA,US
West Des Moines,Iowa,USA,US
Abilene,Kansas,USA,US
Arkansas City,Kansas,USA,US
Atchison,Kansas,USA,US
Chanute,Kansas,USA,US
Coffeyville,Kansas,USA,US
Council Grove,Kansas,USA,US
Dodge City,Kansas,USA,US
Emporia,Kansas,USA,US
Fort Scott,Kansas,USA,US
Garden City,Kansas,USA,US
Great Bend,Kansas,USA,US
Hays,Kansas,USA,US
Hutchinson,Kansas,USA,US
Independence,Kansas,USA,US
Junction City,Kansas,USA,US
Kansas City,Kansas,USA,US
Lawrence,Kansas,USA,US
Leavenworth,Kansas,USA,US
Liberal,Kansas,USA,US
Manhattan,Kansas,USA,US
McPherson,Kansas,USA,US
Medicine Lodge,Kansas,USA,US
Newton,Kansas,USA,US
Olathe,Kansas,USA,US
Osawatomie,Kansas,USA,US
Ottawa,Kansas,USA,US
Overland Park,Kansas,USA,US
Pittsburg,Kansas,USA,US
Salina,Kansas,USA,US
Shawnee,Kansas,USA,US
Smith Center,Kansas,USA,US
Topeka,Kansas,USA,US
Wichita,Kansas,USA,US
Ashland,Kentucky,USA,US
Barbourville,Kentucky,USA,US
Bardstown,Kentucky,USA,US
Berea,Kentucky,USA,US
Boonesborough,Kentucky,USA,US
Bowling Green,Kentucky,USA,US
Campbellsville,Kentucky,USA,US
Covington,Kentucky,USA,US
Danville,Kentucky,USA,US
Elizabethtown,Kentucky,USA,US
Frankfort,Kentucky,USA,US
Harlan,Kentucky,USA,US
Harrodsburg,Kentucky,USA,US
Hazard,Kentucky,USA,US
Henderson,Kentucky,USA,US
Hodgenville,Kentucky,USA,US
Hopkinsville,Kentucky,USA,US
Lexington,Kentucky,USA,US
Louisville,Kentucky,USA,US
Mayfield,Kentucky,USA,US
Maysville,Kentucky,USA,US
Middlesboro,Kentucky,USA,US
Newport,Kentucky,USA,US
Owensboro,Kentucky,USA,US
Paducah,Kentucky,USA,US
Paris,Kentucky,USA,US
Richmond,Kentucky,USA,US
Abbeville,Louisiana,USA,US
Alexandria,Louisiana,USA,US
Bastrop,Louisiana,USA,US
Baton Rouge,Louisiana,USA,US
Bogalusa,Louisiana,USA,US
Bossier City,Louisiana,USA,US
Gretna,Louisiana,USA,US
Houma,Louisiana,USA,US
Lafayette,Louisiana,USA,US
Lake Charles,Louisiana,USA,US
Monroe,Louisiana,USA,US
Morgan City,Louisiana,USA,US
Natchitoches,Louisiana,USA,US
New Iberia,Louisiana,USA,US
New Orleans,Louisiana,USA,US
Opelousas,Louisiana,USA,US
Ruston,Louisiana,USA,US
Saint Martinville,Louisiana,USA,US
Shreveport,Louisiana,USA,US
Thibodaux,Louisiana,USA,US
Auburn,Maine,USA,US
Augusta,Maine,USA,US
Bangor,Maine,USA,US
Bar Harbor,Maine,USA,US
Bath,Maine,USA,US
Belfast,Maine,USA,US
Biddeford,Maine,USA,US
Boothbay Harbor,Maine,USA,US
Brunswick,Maine,USA,US
Calais,Maine,USA,US
Caribou,Maine,USA,US
Castine,Maine,USA,US
Eastport,Maine,USA,US
Ellsworth,Maine,USA,US
Farmington,Maine,USA,US
Fort Kent,Maine,USA,US
Gardiner,Maine,USA,US
Houlton,Maine,USA,US
Kennebunkport,Maine,USA,US
Kittery,Maine,USA,US
Lewiston,Maine,USA,US
Lubec,Maine,USA,US
Machias,Maine,USA,US
Orono,Maine,USA,US
Portland,Maine,USA,US
Presque Isle,Maine,USA,US
Rockland,Maine,USA,US
Rumford,Maine,USA,US
Saco,Maine,USA,US
Scarborough,Maine,USA,US
Waterville,Maine,USA,US
York,Maine,USA,US
Aberdeen,Maryland,USA,US
Annapolis,Maryland,USA,US
Baltimore,Maryland,USA,US
Bethesda-Chevy Chase,Maryland,USA,US
Bowie,Maryland,USA,US
Cambridge,Maryland,USA,US
Catonsville,Maryland,USA,US
College Park,Maryland,USA,US
Columbia,Maryland,USA,US
Cumberland,Maryland,USA,US
Easton,Maryland,USA,US
Elkton,Maryland,USA,US
Emmitsburg,Maryland,USA,US
Frederick,Maryland,USA,US
Greenbelt,Maryland,USA,US
Hagerstown,Maryland,USA,US
Hyattsville,Maryland,USA,US
Laurel,Maryland,USA,US
Oakland,Maryland,USA,US
Ocean City,Maryland,USA,US
Rockville,Maryland,USA,US
Saint Marys City,Maryland,USA,US
Salisbury,Maryland,USA,US
Silver Spring,Maryland,USA,US
Takoma Park,Maryland,USA,US
Towson,Maryland,USA,US
Westminster,Maryland,USA,US
Abington,Massachusetts,USA,US
Adams,Massachusetts,USA,US
Amesbury,Massachusetts,USA,US
Amherst,Massachusetts,USA,US
Andover,Massachusetts,USA,US
Arlington,Massachusetts,USA,US
Athol,Massachusetts,USA,US
Attleboro,Massachusetts,USA,US
Barnstable,Massachusetts,USA,US
Bedford,Massachusetts,USA,US
Beverly,Massachusetts,USA,US
Boston,Massachusetts,USA,US
Bourne,Massachusetts,USA,US
Braintree,Massachusetts,USA,US
Brockton,Massachusetts,USA,US
Brookline,Massachusetts,USA,US
Cambridge,Massachusetts,USA,US
Canton,Massachusetts,USA,US
Charlestown,Massachusetts,USA,US
Chelmsford,Massachusetts,USA,US
Chelsea,Massachusetts,USA,US
Chicopee,Massachusetts,USA,US
Clinton,Massachusetts,USA,US
Cohasset,Massachusetts,USA,US
Concord,Massachusetts,USA,US
Danvers,Massachusetts,USA,US
Dartmouth,Massachusetts,USA,US
Dedham,Massachusetts,USA,US
Dennis,Massachusetts,USA,US
Duxbury,Massachusetts,USA,US
Eastham,Massachusetts,USA,US
Edgartown,Massachusetts,USA,US
Everett,Massachusetts,USA,US
Fairhaven,Massachusetts,USA,US
Fall River,Massachusetts,USA,US
Falmouth,Massachusetts,USA,US
Fitchburg,Massachusetts,USA,US
Framingham,Massachusetts,USA,US
Gloucester,Massachusetts,USA,US
Great Barrington,Massachusetts,USA,US
Greenfield,Massachusetts,USA,US
Groton,Massachusetts,USA,US
Harwich,Massachusetts,USA,US
Haverhill,Massachusetts,USA,US
Hingham,Massachusetts,USA,US
Holyoke,Massachusetts,USA,US
Hyannis,Massachusetts,USA,US
Ipswich,Massachusetts,USA,US
Lawrence,Massachusetts,USA,US
Lenox,Massachusetts,USA,US
Leominster,Massachusetts,USA,US
Lexington,Massachusetts,USA,US
Lowell,Massachusetts,USA,US
Ludlow,Massachusetts,USA,US
Lynn,Massachusetts,USA,US
Malden,Massachusetts,USA,US
Marblehead,Massachusetts,USA,US
Marlborough,Massachusetts,USA,US
Medford,Massachusetts,USA,US
Milton,Massachusetts,USA,US
Nahant,Massachusetts,USA,US
Natick,Massachusetts,USA,US
New Bedford,Massachusetts,USA,US
Newburyport,Massachusetts,USA,US
Newton,Massachusetts,USA,US
North Adams,Massachusetts,USA,US
Northampton,Massachusetts,USA,US
Norton,Massachusetts,USA,US
Norwood,Massachusetts,USA,US
Peabody,Massachusetts,USA,US
Pittsfield,Massachusetts,USA,US
Plymouth,Massachusetts,USA,US
Provincetown,Massachusetts,USA,US
Quincy,Massachusetts,USA,US
Randolph,Massachusetts,USA,US
Revere,Massachusetts,USA,US
Salem,Massachusetts,USA,US
Sandwich,Massachusetts,USA,US
Saugus,Massachusetts,USA,US
Somerville,Massachusetts,USA,US
South Hadley,Massachusetts,USA,US
Springfield,Massachusetts,USA,US
Stockbridge,Massachusetts,USA,US
Stoughton,Massachusetts,USA,US
Sturbridge,Massachusetts,USA,US
Sudbury,Massachusetts,USA,US
Taunton,Massachusetts,USA,US
Tewksbury,Massachusetts,USA,US
Truro,Massachusetts,USA,US
Watertown,Massachusetts,USA,US
Webster,Massachusetts,USA,US
Wellesley,Massachusetts,USA,US
Wellfleet,Massachusetts,USA,US
West Bridgewater,Massachusetts,USA,US
West Springfield,Massachusetts,USA,US
Westfield,Massachusetts,USA,US
Weymouth,Massachusetts,USA,US
Whitman,Massachusetts,USA,US
Williamstown,Massachusetts,USA,US
Woburn,Massachusetts,USA,US
Woods Hole,Massachusetts,USA,US
Worcester,Massachusetts,USA,US
Adrian,Michigan,USA,US
Alma,Michigan,USA,US
Ann Arbor,Michigan,USA,US
Battle Creek,Michigan,USA,US
Bay City,Michigan,USA,US
Benton Harbor,Michigan,USA,US
Bloomfield Hills,Michigan,USA,US
Cadillac,Michigan,USA,US
Charlevoix,Michigan,USA,US
Cheboygan,Michigan,USA,US
Dearborn,Michigan,USA,US
Detroit,Michigan,USA,US
East Lansing,Michigan,USA,US
Eastpointe,Michigan,USA,US
Ecorse,Michigan,USA,US
Escanaba,Michigan,USA,US
Flint,Michigan,USA,US
Grand Haven,Michigan,USA,US
Grand Rapids,Michigan,USA,US
Grayling,Michigan,USA,US
Grosse Pointe,Michigan,USA,US
Hancock,Michigan,USA,US
Highland Park,Michigan,USA,US
Holland,Michigan,USA,US
Houghton,Michigan,USA,US
Interlochen,Michigan,USA,US
Iron Mountain,Michigan,USA,US
Ironwood,Michigan,USA,US
Ishpeming,Michigan,USA,US
Jackson,Michigan,USA,US
Kalamazoo,Michigan,USA,US
Lansing,Michigan,USA,US
Livonia,Michigan,USA,US
Ludington,Michigan,USA,US
Mackinaw City,Michigan,USA,US
Manistee,Michigan,USA,US
Marquette,Michigan,USA,US
Menominee,Michigan,USA,US
Midland,Michigan,USA,US
Monroe,Michigan,USA,US
Mount Clemens,Michigan,USA,US
Mount Pleasant,Michigan,USA,US
Muskegon,Michigan,USA,US
Niles,Michigan,USA,US
Petoskey,Michigan,USA,US
Pontiac,Michigan,USA,US
Port Huron,Michigan,USA,US
Royal Oak,Michigan,USA,US
Saginaw,Michigan,USA,US
Saint Ignace,Michigan,USA,US
Saint Joseph,Michigan,USA,US
Sault Sainte Marie,Michigan,USA,US
Traverse City,Michigan,USA,US
Trenton,Michigan,USA,US
Warren,Michigan,USA,US
Wyandotte,Michigan,USA,US
Ypsilanti,Michigan,USA,US
Albert Lea,Minnesota,USA,US
Alexandria,Minnesota,USA,US
Austin,Minnesota,USA,US
Bemidji,Minnesota,USA,US
Bloomington,Minnesota,USA,US
Brainerd,Minnesota,USA,US
Crookston,Minnesota,USA,US
Duluth,Minnesota,USA,US
Ely,Minnesota,USA,US
Eveleth,Minnesota,USA,US
Faribault,Minnesota,USA,US
Fergus Falls,Minnesota,USA,US
Hastings,Minnesota,USA,US
Hibbing,Minnesota,USA,US
International Falls,Minnesota,USA,US
Little Falls,Minnesota,USA,US
Mankato,Minnesota,USA,US
Minneapolis,Minnesota,USA,US
Moorhead,Minnesota,USA,US
New Ulm,Minnesota,USA,US
Northfield,Minnesota,USA,US
Owatonna,Minnesota,USA,US
Pipestone,Minnesota,USA,US
Red Wing,Minnesota,USA,US
Rochester,Minnesota,USA,US
Saint Cloud,Minnesota,USA,US
Saint Paul,Minnesota,USA,US
Sauk Centre,Minnesota,USA,US
South Saint Paul,Minnesota,USA,US
Stillwater,Minnesota,USA,US
Virginia,Minnesota,USA,US
Willmar,Minnesota,USA,US
Winona,Minnesota,USA,US
Bay Saint Louis,Mississippi,USA,US
Biloxi,Mississippi,USA,US
Canton,Mississippi,USA,US
Clarksdale,Mississippi,USA,US
Columbia,Mississippi,USA,US
Columbus,Mississippi,USA,US
Corinth,Mississippi,USA,US
Greenville,Mississippi,USA,US
Greenwood,Mississippi,USA,US
Grenada,Mississippi,USA,US
Gulfport,Mississippi,USA,US
Hattiesburg,Mississippi,USA,US
Holly Springs,Mississippi,USA,US
Jackson,Mississippi,USA,US
Laurel,Mississippi,USA,US
Meridian,Mississippi,USA,US
Natchez,Mississippi,USA,US
Ocean Springs,Mississippi,USA,US
Oxford,Mississippi,USA,US
Pascagoula,Mississippi,USA,US
Pass Christian,Mississippi,USA,US
Philadelphia,Mississippi,USA,US
Port Gibson,Mississippi,USA,US
Starkville,Mississippi,USA,US
Tupelo,Mississippi,USA,US
Vicksburg,Mississippi,USA,US
West Point,Mississippi,USA,US
Yazoo City,Mississippi,USA,US
Boonville,Missouri,USA,US
Branson,Missouri,USA,US
Cape Girardeau,Missouri,USA,US
Carthage,Missouri,USA,US
Chillicothe,Missouri,USA,US
Clayton,Missouri,USA,US
Columbia,Missouri,USA,US
Excelsior Springs,Missouri,USA,US
Ferguson,Missouri,USA,US
Florissant,Missouri,USA,US
Fulton,Missouri,USA,US
Hannibal,Missouri,USA,US
Independence,Missouri,USA,US
Jefferson City,Missouri,USA,US
Joplin,Missouri,USA,US
Kansas City,Missouri,USA,US
Kirksville,Missouri,USA,US
Lamar,Missouri,USA,US
Lebanon,Missouri,USA,US
Lexington,Missouri,USA,US
Maryville,Missouri,USA,US
Mexico,Missouri,USA,US
Monett,Missouri,USA,US
Neosho,Missouri,USA,US
New Madrid,Missouri,USA,US
Rolla,Missouri,USA,US
Saint Charles,Missouri,USA,US
Saint Joseph,Missouri,USA,US
Saint Louis,Missouri,USA,US
Sainte Genevieve,Missouri,USA,US
Salem,Missouri,USA,US
Sedalia,Missouri,USA,US
Springfield,Missouri,USA,US
Warrensburg,Missouri,USA,US
West Plains,Missouri,USA,US
Anaconda,Montana,USA,US
Billings,Montana,USA,US
Bozeman,Montana,USA,US
Butte,Montana,USA,US
Dillon,Montana,USA,US
Fort Benton,Montana,USA,US
Glendive,Montana,USA,US
Great Falls,Montana,USA,US
Havre,Montana,USA,US
Helena,Montana,USA,US
Kalispell,Montana,USA,US
Lewistown,Montana,USA,US
Livingston,Montana,USA,US
Miles City,Montana,USA,US
Missoula,Montana,USA,US
Virginia City,Montana,USA,US
Beatrice,Nebraska,USA,US
Bellevue,Nebraska,USA,US
Boys Town,Nebraska,USA,US
Chadron,Nebraska,USA,US
Columbus,Nebraska,USA,US
Fremont,Nebraska,USA,US
Grand Island,Nebraska,USA,US
Hastings,Nebraska,USA,US
Kearney,Nebraska,USA,US
Lincoln,Nebraska,USA,US
McCook,Nebraska,USA,US
Minden,Nebraska,USA,US
Nebraska City,Nebraska,USA,US
Norfolk,Nebraska,USA,US
North Platte,Nebraska,USA,US
Omaha,Nebraska,USA,US
Plattsmouth,Nebraska,USA,US
Red Cloud,Nebraska,USA,US
Sidney,Nebraska,USA,US
Boulder City,Nevada,USA,US
Carson City,Nevada,USA,US
Elko,Nevada,USA,US
Ely,Nevada,USA,US
Fallon,Nevada,USA,US
Genoa,Nevada,USA,US
Goldfield,Nevada,USA,US
Henderson,Nevada,USA,US
Las Vegas,Nevada,USA,US
North Las Vegas,Nevada,USA,US
Reno,Nevada,USA,US
Sparks,Nevada,USA,US
Virginia City,Nevada,USA,US
Winnemucca,Nevada,USA,US
Berlin,New Hampshire,USA,US
Claremont,New Hampshire,USA,US
Concord,New Hampshire,USA,US
Derry,New Hampshire,USA,US
Dover,New Hampshire,USA,US
Durham,New Hampshire,USA,US
Exeter,New Hampshire,USA,US
Franklin,New Hampshire,USA,US
Hanover,New Hampshire,USA,US
Hillsborough,New Hampshire,USA,US
Keene,New Hampshire,USA,US
Laconia,New Hampshire,USA,US
Lebanon,New Hampshire,USA,US
Manchester,New Hampshire,USA,US
Nashua,New Hampshire,USA,US
Peterborough,New Hampshire,USA,US
Plymouth,New Hampshire,USA,US
Portsmouth,New Hampshire,USA,US
Rochester,New Hampshire,USA,US
Salem,New Hampshire,USA,US
Somersworth,New Hampshire,USA,US
Asbury Park,New Jersey,USA,US
Atlantic City,New Jersey,USA,US
Bayonne,New Jersey,USA,US
Bloomfield,New Jersey,USA,US
Bordentown,New Jersey,USA,US
Bound Brook,New Jersey,USA,US
Bridgeton,New Jersey,USA,US
Burlington,New Jersey,USA,US
Caldwell,New Jersey,USA,US
Camden,New Jersey,USA,US
Cape May,New Jersey,USA,US
Clifton,New Jersey,USA,US
Cranford,New Jersey,USA,US
East Orange,New Jersey,USA,US
Edison,New Jersey,USA,US
Elizabeth,New Jersey,USA,US
Englewood,New Jersey,USA,US
Fort Lee,New Jersey,USA,US
Glassboro,New Jersey,USA,US
Hackensack,New Jersey,USA,US
Haddonfield,New Jersey,USA,US
Hoboken,New Jersey,USA,US
Irvington,New Jersey,USA,US
Jersey City,New Jersey,USA,US
Lakehurst,New Jersey,USA,US
Lakewood,New Jersey,USA,US
Long Beach,New Jersey,USA,US
Long Branch,New Jersey,USA,US
Madison,New Jersey,USA,US
Menlo Park,New Jersey,USA,US
Millburn,New Jersey,USA,US
Millville,New Jersey,USA,US
Montclair,New Jersey,USA,US
Morristown,New Jersey,USA,US
Mount Holly,New Jersey,USA,US
New Brunswick,New Jersey,USA,US
New Milford,New Jersey,USA,US
Newark,New Jersey,USA,US
Ocean City,New Jersey,USA,US
Orange,New Jersey,USA,US
Parsippany–Troy Hills,New Jersey,USA,US
Passaic,New Jersey,USA,US
Paterson,New Jersey,USA,US
Perth Amboy,New Jersey,USA,US
Plainfield,New Jersey,USA,US
Princeton,New Jersey,USA,US
Ridgewood,New Jersey,USA,US
Roselle,New Jersey,USA,US
Rutherford,New Jersey,USA,US
Salem,New Jersey,USA,US
Somerville,New Jersey,USA,US
South Orange Village,New Jersey,USA,US
Totowa,New Jersey,USA,US
Trenton,New Jersey,USA,US
Union,New Jersey,USA,US
Union City,New Jersey,USA,US
Vineland,New Jersey,USA,US
Wayne,New Jersey,USA,US
Weehawken,New Jersey,USA,US
West New York,New Jersey,USA,US
West Orange,New Jersey,USA,US
Willingboro,New Jersey,USA,US
Woodbridge,New Jersey,USA,US
Acoma,New Mexico,USA,US
Alamogordo,New Mexico,USA,US
Albuquerque,New Mexico,USA,US
Artesia,New Mexico,USA,US
Belen,New Mexico,USA,US
Carlsbad,New Mexico,USA,US
Clovis,New Mexico,USA,US
Deming,New Mexico,USA,US
Farmington,New Mexico,USA,US
Gallup,New Mexico,USA,US
Grants,New Mexico,USA,US
Hobbs,New Mexico,USA,US
Las Cruces,New Mexico,USA,US
Las Vegas,New Mexico,USA,US
Los Alamos,New Mexico,USA,US
Lovington,New Mexico,USA,US
Portales,New Mexico,USA,US
Raton,New Mexico,USA,US
Roswell,New Mexico,USA,US
Santa Fe,New Mexico,USA,US
Shiprock,New Mexico,USA,US
Silver City,New Mexico,USA,US
Socorro,New Mexico,USA,US
Taos,New Mexico,USA,US
Truth or Consequences,New Mexico,USA,US
Tucumcari,New Mexico,USA,US
Albany,New York,USA,US
Amsterdam,New York,USA,US
Auburn,New York,USA,US
Babylon,New York,USA,US
Batavia,New York,USA,US
Beacon,New York,USA,US
Bedford,New York,USA,US
Binghamton,New York,USA,US
Bronx,New York,USA,US
Brooklyn,New York,USA,US
Buffalo,New York,USA,US
Chautauqua,New York,USA,US
Cheektowaga,New York,USA,US
Clinton,New York,USA,US
Cohoes,New York,USA,US
Coney Island,New York,USA,US
Cooperstown,New York,USA,US
Corning,New York,USA,US
Cortland,New York,USA,US
Crown Point,New York,USA,US
Dunkirk,New York,USA,US
East Aurora,New York,USA,US
East Hampton,New York,USA,US
Eastchester,New York,USA,US
Elmira,New York,USA,US
Flushing,New York,USA,US
Forest Hills,New York,USA,US
Fredonia,New York,USA,US
Garden City,New York,USA,US
Geneva,New York,USA,US
Glens Falls,New York,USA,US
Gloversville,New York,USA,US
Great Neck,New York,USA,US
Hammondsport,New York,USA,US
Harlem,New York,USA,US
Hempstead,New York,USA,US
Herkimer,New York,USA,US
Hudson,New York,USA,US
Huntington,New York,USA,US
Hyde Park,New York,USA,US
Ilion,New York,USA,US
Ithaca,New York,USA,US
Jamestown,New York,USA,US
Johnstown,New York,USA,US
Kingston,New York,USA,US
Lackawanna,New York,USA,US
Lake Placid,New York,USA,US
Levittown,New York,USA,US
Lockport,New York,USA,US
Mamaroneck,New York,USA,US
Manhattan,New York,USA,US
Massena,New York,USA,US
Middletown,New York,USA,US
Mineola,New York,USA,US
Mount Vernon,New York,USA,US
New Paltz,New York,USA,US
New Rochelle,New York,USA,US
New Windsor,New York,USA,US
New York City,New York,USA,US
Newburgh,New York,USA,US
Niagara Falls,New York,USA,US
North Hempstead,New York,USA,US
Nyack,New York,USA,US
Ogdensburg,New York,USA,US
Olean,New York,USA,US
Oneida,New York,USA,US
Oneonta,New York,USA,US
Ossining,New York,USA,US
Oswego,New York,USA,US
Oyster Bay,New York,USA,US
Palmyra,New York,USA,US
Peekskill,New York,USA,US
Plattsburgh,New York,USA,US
Port Washington,New York,USA,US
Potsdam,New York,USA,US
Poughkeepsie,New York,USA,US
Queens,New York,USA,US
Rensselaer,New York,USA,US
Rochester,New York,USA,US
Rome,New York,USA,US
Rotterdam,New York,USA,US
Rye,New York,USA,US
Sag Harbor,New York,USA,US
Saranac Lake,New York,USA,US
Saratoga Springs,New York,USA,US
Scarsdale,New York,USA,US
Schenectady,New York,USA,US
Seneca Falls,New York,USA,US
Southampton,New York,USA,US
Staten Island,New York,USA,US
Stony Brook,New York,USA,US
Stony Point,New York,USA,US
Syracuse,New York,USA,US
Tarrytown,New York,USA,US
Ticonderoga,New York,USA,US
Tonawanda,New York,USA,US
Troy,New York,USA,US
Utica,New York,USA,US
Watertown,New York,USA,US
Watervliet,New York,USA,US
Watkins Glen,New York,USA,US
West Seneca,New York,USA,US
White Plains,New York,USA,US
Woodstock,New York,USA,US
Yonkers,New York,USA,US
Asheboro,North Carolina,USA,US
Asheville,North Carolina,USA,US
Bath,North Carolina,USA,US
Beaufort,North Carolina,USA,US
Boone,North Carolina,USA,US
Burlington,North Carolina,USA,US
Chapel Hill,North Carolina,USA,US
Charlotte,North Carolina,USA,US
Concord,North Carolina,USA,US
Durham,North Carolina,USA,US
Edenton,North Carolina,USA,US
Elizabeth City,North Carolina,USA,US
Fayetteville,North Carolina,USA,US
Gastonia,North Carolina,USA,US
Goldsboro,North Carolina,USA,US
Greensboro,North Carolina,USA,US
Greenville,North Carolina,USA,US
Halifax,North Carolina,USA,US
Henderson,North Carolina,USA,US
Hickory,North Carolina,USA,US
High Point,North Carolina,USA,US
Hillsborough,North Carolina,USA,US
Jacksonville,North Carolina,USA,US
Kinston,North Carolina,USA,US
Kitty Hawk,North Carolina,USA,US
Lumberton,North Carolina,USA,US
Morehead City,North Carolina,USA,US
Morganton,North Carolina,USA,US
Nags Head,North Carolina,USA,US
New Bern,North Carolina,USA,US
Pinehurst,North Carolina,USA,US
Raleigh,North Carolina,USA,US
Rocky Mount,North Carolina,USA,US
Salisbury,North Carolina,USA,US
Shelby,North Carolina,USA,US
Washington,North Carolina,USA,US
Wilmington,North Carolina,USA,US
Wilson,North Carolina,USA,US
Winston-Salem,North Carolina,USA,US
Bismarck,North Dakota,USA,US
Devils Lake,North Dakota,USA,US
Dickinson,North Dakota,USA,US
Fargo,North Dakota,USA,US
Grand Forks,North Dakota,USA,US
Jamestown,North Dakota,USA,US
Mandan,North Dakota,USA,US
Minot,North Dakota,USA,US
Rugby,North Dakota,USA,US
Valley City,North Dakota,USA,US
Wahpeton,North Dakota,USA,US
Williston,North Dakota,USA,US
Akron,Ohio,USA,US
Alliance,Ohio,USA,US
Ashtabula,Ohio,USA,US
Athens,Ohio,USA,US
Barberton,Ohio,USA,US
Bedford,Ohio,USA,US
Bellefontaine,Ohio,USA,US
Bowling Green,Ohio,USA,US
Canton,Ohio,USA,US
Chillicothe,Ohio,USA,US
Cincinnati,Ohio,USA,US
Cleveland,Ohio,USA,US
Cleveland Heights,Ohio,USA,US
Columbus,Ohio,USA,US
Conneaut,Ohio,USA,US
Cuyahoga Falls,Ohio,USA,US
Dayton,Ohio,USA,US
Defiance,Ohio,USA,US
Delaware,Ohio,USA,US
East Cleveland,Ohio,USA,US
East Liverpool,Ohio,USA,US
Elyria,Ohio,USA,US
Euclid,Ohio,USA,US
Findlay,Ohio,USA,US
Gallipolis,Ohio,USA,US
Greenville,Ohio,USA,US
Hamilton,Ohio,USA,US
Kent,Ohio,USA,US
Kettering,Ohio,USA,US
Lakewood,Ohio,USA,US
Lancaster,Ohio,USA,US
Lima,Ohio,USA,US
Lorain,Ohio,USA,US
Mansfield,Ohio,USA,US
Marietta,Ohio,USA,US
Marion,Ohio,USA,US
Martins Ferry,Ohio,USA,US
Massillon,Ohio,USA,US
Mentor,Ohio,USA,US
Middletown,Ohio,USA,US
Milan,Ohio,USA,US
Mount Vernon,Ohio,USA,US
New Philadelphia,Ohio,USA,US
Newark,Ohio,USA,US
Niles,Ohio,USA,US
North College Hill,Ohio,USA,US
Norwalk,Ohio,USA,US
Oberlin,Ohio,USA,US
Painesville,Ohio,USA,US
Parma,Ohio,USA,US
Piqua,Ohio,USA,US
Portsmouth,Ohio,USA,US
Put-in-Bay,Ohio,USA,US
Salem,Ohio,USA,US
Sandusky,Ohio,USA,US
Shaker Heights,Ohio,USA,US
Springfield,Ohio,USA,US
Steubenville,Ohio,USA,US
Tiffin,Ohio,USA,US
Toledo,Ohio,USA,US
Urbana,Ohio,USA,US
Warren,Ohio,USA,US
Wooster,Ohio,USA,US
Worthington,Ohio,USA,US
Xenia,Ohio,USA,US
Yellow Springs,Ohio,USA,US
Youngstown,Ohio,USA,US
Zanesville,Ohio,USA,US
Ada,Oklahoma,USA,US
Altus,Oklahoma,USA,US
Alva,Oklahoma,USA,US
Anadarko,Oklahoma,USA,US
Ardmore,Oklahoma,USA,US
Bartlesville,Oklahoma,USA,US
Bethany,Oklahoma,USA,US
Chickasha,Oklahoma,USA,US
Claremore,Oklahoma,USA,US
Clinton,Oklahoma,USA,US
Cushing,Oklahoma,USA,US
Duncan,Oklahoma,USA,US
Durant,Oklahoma,USA,US
Edmond,Oklahoma,USA,US
El Reno,Oklahoma,USA,US
Elk City,Oklahoma,USA,US
Enid,Oklahoma,USA,US
Eufaula,Oklahoma,USA,US
Frederick,Oklahoma,USA,US
Guthrie,Oklahoma,USA,US
Guymon,Oklahoma,USA,US
Hobart,Oklahoma,USA,US
Holdenville,Oklahoma,USA,US
Hugo,Oklahoma,USA,US
Lawton,Oklahoma,USA,US
McAlester,Oklahoma,USA,US
Miami,Oklahoma,USA,US
Midwest City,Oklahoma,USA,US
Moore,Oklahoma,USA,US
Muskogee,Oklahoma,USA,US
Norman,Oklahoma,USA,US
Oklahoma City,Oklahoma,USA,US
Okmulgee,Oklahoma,USA,US
Pauls Valley,Oklahoma,USA,US
Pawhuska,Oklahoma,USA,US
Perry,Oklahoma,USA,US
Ponca City,Oklahoma,USA,US
Pryor,Oklahoma,USA,US
Sallisaw,Oklahoma,USA,US
Sand Springs,Oklahoma,USA,US
Sapulpa,Oklahoma,USA,US
Seminole,Oklahoma,USA,US
Shawnee,Oklahoma,USA,US
Stillwater,Oklahoma,USA,US
Tahlequah,Oklahoma,USA,US
The Village,Oklahoma,USA,US
Tulsa,Oklahoma,USA,US
Vinita,Oklahoma,USA,US
Wewoka,Oklahoma,USA,US
Woodward,Oklahoma,USA,US
Albany,Oregon,USA,US
Ashland,Oregon,USA,US
Astoria,Oregon,USA,US
Baker City,Oregon,USA,US
Beaverton,Oregon,USA,US
Bend,Oregon,USA,US
Brookings,Oregon,USA,US
Burns,Oregon,USA,US
Coos Bay,Oregon,USA,US
Corvallis,Oregon,USA,US
Eugene,Oregon,USA,US
Grants Pass,Oregon,USA,US
Hillsboro,Oregon,USA,US
Hood River,Oregon,USA,US
Jacksonville,Oregon,USA,US
John Day,Oregon,USA,US
Klamath Falls,Oregon,USA,US
La Grande,Oregon,USA,US
Lake Oswego,Oregon,USA,US
Lakeview,Oregon,USA,US
McMinnville,Oregon,USA,US
Medford,Oregon,USA,US
Newberg,Oregon,USA,US
Newport,Oregon,USA,US
Ontario,Oregon,USA,US
Oregon City,Oregon,USA,US
Pendleton,Oregon,USA,US
Port Orford,Oregon,USA,US
Portland,Oregon,USA,US
Prineville,Oregon,USA,US
Redmond,Oregon,USA,US
Reedsport,Oregon,USA,US
Roseburg,Oregon,USA,US
Salem,Oregon,USA,US
Seaside,Oregon,USA,US
Springfield,Oregon,USA,US
The Dalles,Oregon,USA,US
Tillamook,Oregon,USA,US
Abington,Pennsylvania,USA,US
Aliquippa,Pennsylvania,USA,US
Allentown,Pennsylvania,USA,US
Altoona,Pennsylvania,USA,US
Ambridge,Pennsylvania,USA,US
Bedford,Pennsylvania,USA,US
Bethlehem,Pennsylvania,USA,US
Bloomsburg,Pennsylvania,USA,US
Bradford,Pennsylvania,USA,US
Bristol,Pennsylvania,USA,US
Carbondale,Pennsylvania,USA,US
Carlisle,Pennsylvania,USA,US
Chambersburg,Pennsylvania,USA,US
Chester,Pennsylvania,USA,US
Columbia,Pennsylvania,USA,US
Easton,Pennsylvania,USA,US
Erie,Pennsylvania,USA,US
Franklin,Pennsylvania,USA,US
Germantown,Pennsylvania,USA,US
Gettysburg,Pennsylvania,USA,US
Greensburg,Pennsylvania,USA,US
Hanover,Pennsylvania,USA,US
Harmony,Pennsylvania,USA,US
Harrisburg,Pennsylvania,USA,US
Hazleton,Pennsylvania,USA,US
Hershey,Pennsylvania,USA,US
Homestead,Pennsylvania,USA,US
Honesdale,Pennsylvania,USA,US
Indiana,Pennsylvania,USA,US
Jeannette,Pennsylvania,USA,US
Jim Thorpe,Pennsylvania,USA,US
Johnstown,Pennsylvania,USA,US
Lancaster,Pennsylvania,USA,US
Lebanon,Pennsylvania,USA,US
Levittown,Pennsylvania,USA,US
Lewistown,Pennsylvania,USA,US
Lock Haven,Pennsylvania,USA,US
Lower Southampton,Pennsylvania,USA,US
McKeesport,Pennsylvania,USA,US
Meadville,Pennsylvania,USA,US
Middletown,Pennsylvania,USA,US
Monroeville,Pennsylvania,USA,US
Nanticoke,Pennsylvania,USA,US
New Castle,Pennsylvania,USA,US
New Hope,Pennsylvania,USA,US
New Kensington,Pennsylvania,USA,US
Norristown,Pennsylvania,USA,US
Oil City,Pennsylvania,USA,US
Philadelphia,Pennsylvania,USA,US
Phoenixville,Pennsylvania,USA,US
Pittsburgh,Pennsylvania,USA,US
Pottstown,Pennsylvania,USA,US
Pottsville,Pennsylvania,USA,US
Reading,Pennsylvania,USA,US
Scranton,Pennsylvania,USA,US
Shamokin,Pennsylvania,USA,US
Sharon,Pennsylvania,USA,US
State College,Pennsylvania,USA,US
Stroudsburg,Pennsylvania,USA,US
Sunbury,Pennsylvania,USA,US
Swarthmore,Pennsylvania,USA,US
Tamaqua,Pennsylvania,USA,US
Titusville,Pennsylvania,USA,US
Uniontown,Pennsylvania,USA,US
Warren,Pennsylvania,USA,US
Washington,Pennsylvania,USA,US
West Chester,Pennsylvania,USA,US
Wilkes-Barre,Pennsylvania,USA,US
Williamsport,Pennsylvania,USA,US
York,Pennsylvania,USA,US
Barrington,Rhode Island,USA,US
Bristol,Rhode Island,USA,US
Central Falls,Rhode Island,USA,US
Cranston,Rhode Island,USA,US
East Greenwich,Rhode Island,USA,US
East Providence,Rhode Island,USA,US
Kingston,Rhode Island,USA,US
Middletown,Rhode Island,USA,US
Narragansett,Rhode Island,USA,US
Newport,Rhode Island,USA,US
North Kingstown,Rhode Island,USA,US
Pawtucket,Rhode Island,USA,US
Portsmouth,Rhode Island,USA,US
Providence,Rhode Island,USA,US
South Kingstown,Rhode Island,USA,US
Tiverton,Rhode Island,USA,US
Warren,Rhode Island,USA,US
Warwick,Rhode Island,USA,US
Westerly,Rhode Island,USA,US
Wickford,Rhode Island,USA,US
Woonsocket,Rhode Island,USA,US
,,USA,US
Abbeville,South Carolina,USA,US
Aiken,South Carolina,USA,US
Anderson,South Carolina,USA,US
Beaufort,South Carolina,USA,US
Camden,South Carolina,USA,US
Charleston,South Carolina,USA,US
Columbia,South Carolina,USA,US
Darlington,South Carolina,USA,US
Florence,South Carolina,USA,US
Gaffney,South Carolina,USA,US
Georgetown,South Carolina,USA,US
Greenville,South Carolina,USA,US
Greenwood,South Carolina,USA,US
Hartsville,South Carolina,USA,US
Lancaster,South Carolina,USA,US
Mount Pleasant,South Carolina,USA,US
Myrtle Beach,South Carolina,USA,US
Orangeburg,South Carolina,USA,US
Rock Hill,South Carolina,USA,US
Spartanburg,South Carolina,USA,US
Sumter,South Carolina,USA,US
Union,South Carolina,USA,US
Aberdeen,South Dakota,USA,US
Belle Fourche,South Dakota,USA,US
Brookings,South Dakota,USA,US
Canton,South Dakota,USA,US
Custer,South Dakota,USA,US
De Smet,South Dakota,USA,US
Deadwood,South Dakota,USA,US
Hot Springs,South Dakota,USA,US
Huron,South Dakota,USA,US
Lead,South Dakota,USA,US
Madison,South Dakota,USA,US
Milbank,South Dakota,USA,US
Mitchell,South Dakota,USA,US
Mobridge,South Dakota,USA,US
Pierre,South Dakota,USA,US
Rapid City,South Dakota,USA,US
Sioux Falls,South Dakota,USA,US
Spearfish,South Dakota,USA,US
Sturgis,South Dakota,USA,US
Vermillion,South Dakota,USA,US
Watertown,South Dakota,USA,US
Yankton,South Dakota,USA,US
Alcoa,Tennessee,USA,US
Athens,Tennessee,USA,US
Chattanooga,Tennessee,USA,US
Clarksville,Tennessee,USA,US
Cleveland,Tennessee,USA,US
Columbia,Tennessee,USA,US
Cookeville,Tennessee,USA,US
Dayton,Tennessee,USA,US
Elizabethton,Tennessee,USA,US
Franklin,Tennessee,USA,US
Gallatin,Tennessee,USA,US
Gatlinburg,Tennessee,USA,US
Greeneville,Tennessee,USA,US
Jackson,Tennessee,USA,US
Johnson City,Tennessee,USA,US
Jonesborough,Tennessee,USA,US
Kingsport,Tennessee,USA,US
Knoxville,Tennessee,USA,US
Lebanon,Tennessee,USA,US
Maryville,Tennessee,USA,US
Memphis,Tennessee,USA,US
Morristown,Tennessee,USA,US
Murfreesboro,Tennessee,USA,US
Nashville,Tennessee,USA,US
Norris,Tennessee,USA,US
Oak Ridge,Tennessee,USA,US
Shelbyville,Tennessee,USA,US
Tullahoma,Tennessee,USA,US
Abilene,Texas,USA,US
Alpine,Texas,USA,US
Amarillo,Texas,USA,US
Arlington,Texas,USA,US
Austin,Texas,USA,US
Baytown,Texas,USA,US
Beaumont,Texas,USA,US
Big Spring,Texas,USA,US
Borger,Texas,USA,US
Brownsville,Texas,USA,US
Bryan,Texas,USA,US
Canyon,Texas,USA,US
Cleburne,Texas,USA,US
College Station,Texas,USA,US
Corpus Christi,Texas,USA,US
Crystal City,Texas,USA,US
Dallas,Texas,USA,US
Del Rio,Texas,USA,US
Denison,Texas,USA,US
Denton,Texas,USA,US
Eagle Pass,Texas,USA,US
Edinburg,Texas,USA,US
El Paso,Texas,USA,US
Fort Worth,Texas,USA,US
Freeport,Texas,USA,US
Galveston,Texas,USA,US
Garland,Texas,USA,US
Goliad,Texas,USA,US
Greenville,Texas,USA,US
Harlingen,Texas,USA,US
Houston,Texas,USA,US
Huntsville,Texas,USA,US
Irving,Texas,USA,US
Johnson City,Texas,USA,US
Kilgore,Texas,USA,US
Killeen,Texas,USA,US
Kingsville,Texas,USA,US
Laredo,Texas,USA,US
Longview,Texas,USA,US
Lubbock,Texas,USA,US
Lufkin,Texas,USA,US
Marshall,Texas,USA,US
McAllen,Texas,USA,US
McKinney,Texas,USA,US
Mesquite,Texas,USA,US
Midland,Texas,USA,US
Mission,Texas,USA,US
Nacogdoches,Texas,USA,US
New Braunfels,Texas,USA,US
Odessa,Texas,USA,US
Orange,Texas,USA,US
Pampa,Texas,USA,US
Paris,Texas,USA,US
Pasadena,Texas,USA,US
Pecos,Texas,USA,US
Pharr,Texas,USA,US
Plainview,Texas,USA,US
Plano,Texas,USA,US
Port Arthur,Texas,USA,US
Port Lavaca,Texas,USA,US
Richardson,Texas,USA,US
San Angelo,Texas,USA,US
San Antonio,Texas,USA,US
San Felipe,Texas,USA,US
San Marcos,Texas,USA,US
Sherman,Texas,USA,US
Sweetwater,Texas,USA,US
Temple,Texas,USA,US
Texarkana,Texas,USA,US
Texas City,Texas,USA,US
Tyler,Texas,USA,US
Uvalde,Texas,USA,US
Victoria,Texas,USA,US
Waco,Texas,USA,US
Weatherford,Texas,USA,US
Wichita Falls,Texas,USA,US
Ysleta,Texas,USA,US
Alta,Utah,USA,US
American Fork,Utah,USA,US
Bountiful,Utah,USA,US
Brigham City,Utah,USA,US
Cedar City,Utah,USA,US
Clearfield,Utah,USA,US
Delta,Utah,USA,US
Fillmore,Utah,USA,US
Green River,Utah,USA,US
Heber City,Utah,USA,US
Kanab,Utah,USA,US
Layton,Utah,USA,US
Lehi,Utah,USA,US
Logan,Utah,USA,US
Manti,Utah,USA,US
Moab,Utah,USA,US
Monticello,Utah,USA,US
Murray,Utah,USA,US
Nephi,Utah,USA,US
Ogden,Utah,USA,US
Orderville,Utah,USA,US
Orem,Utah,USA,US
Panguitch,Utah,USA,US
Park City,Utah,USA,US
Payson,Utah,USA,US
Price,Utah,USA,US
Provo,Utah,USA,US
Saint George,Utah,USA,US
Salt Lake City,Utah,USA,US
Spanish Fork,Utah,USA,US
Springville,Utah,USA,US
Tooele,Utah,USA,US
Vernal,Utah,USA,US
Barre,Vermont,USA,US
Bellows Falls,Vermont,USA,US
Bennington,Vermont,USA,US
Brattleboro,Vermont,USA,US
Burlington,Vermont,USA,US
Essex,Vermont,USA,US
Manchester,Vermont,USA,US
Middlebury,Vermont,USA,US
Montpelier,Vermont,USA,US
Newport,Vermont,USA,US
Plymouth,Vermont,USA,US
Rutland,Vermont,USA,US
Saint Albans,Vermont,USA,US
Saint Johnsbury,Vermont,USA,US
Sharon,Vermont,USA,US
Winooski,Vermont,USA,US
Abingdon,Virginia,USA,US
Alexandria,Virginia,USA,US
Bristol,Virginia,USA,US
Charlottesville,Virginia,USA,US
Chesapeake,Virginia,USA,US
Danville,Virginia,USA,US
Fairfax,Virginia,USA,US
Falls Church,Virginia,USA,US
Fredericksburg,Virginia,USA,US
Hampton,Virginia,USA,US
Hanover,Virginia,USA,US
Hopewell,Virginia,USA,US
Lexington,Virginia,USA,US
Lynchburg,Virginia,USA,US
Manassas,Virginia,USA,US
Martinsville,Virginia,USA,US
New Market,Virginia,USA,US
Newport News,Virginia,USA,US
Norfolk,Virginia,USA,US
Petersburg,Virginia,USA,US
Portsmouth,Virginia,USA,US
Reston,Virginia,USA,US
Richmond,Virginia,USA,US
Roanoke,Virginia,USA,US
Staunton,Virginia,USA,US
Suffolk,Virginia,USA,US
Virginia Beach,Virginia,USA,US
Waynesboro,Virginia,USA,US
Williamsburg,Virginia,USA,US
Winchester,Virginia,USA,US
Aberdeen,Washington,USA,US
Anacortes,Washington,USA,US
Auburn,Washington,USA,US
Bellevue,Washington,USA,US
Bellingham,Washington,USA,US
Bremerton,Washington,USA,US
Centralia,Washington,USA,US
Coulee Dam,Washington,USA,US
Coupeville,Washington,USA,US
Ellensburg,Washington,USA,US
Ephrata,Washington,USA,US
Everett,Washington,USA,US
Hoquiam,Washington,USA,US
Kelso,Washington,USA,US
Kennewick,Washington,USA,US
Longview,Washington,USA,US
Moses Lake,Washington,USA,US
Oak Harbor,Washington,USA,US
Olympia,Washington,USA,US
Pasco,Washington,USA,US
Point Roberts,Washington,USA,US
Port Angeles,Washington,USA,US
Pullman,Washington,USA,US
Puyallup,Washington,USA,US
Redmond,Washington,USA,US
Renton,Washington,USA,US
Richland,Washington,USA,US
Seattle,Washington,USA,US
Spokane,Washington,USA,US
Tacoma,Washington,USA,US
Vancouver,Washington,USA,US
Walla Walla,Washington,USA,US
Wenatchee,Washington,USA,US
Yakima,Washington,USA,US
Bath,West Virginia,USA,US
Beckley,West Virginia,USA,US
Bluefield,West Virginia,USA,US
Buckhannon,West Virginia,USA,US
Charles Town,West Virginia,USA,US
Charleston,West Virginia,USA,US
Clarksburg,West Virginia,USA,US
Elkins,West Virginia,USA,US
Fairmont,West Virginia,USA,US
Grafton,West Virginia,USA,US
Harpers Ferry,West Virginia,USA,US
Hillsboro,West Virginia,USA,US
Hinton,West Virginia,USA,US
Huntington,West Virginia,USA,US
Keyser,West Virginia,USA,US
Lewisburg,West Virginia,USA,US
Logan,West Virginia,USA,US
Martinsburg,West Virginia,USA,US
Morgantown,West Virginia,USA,US
Moundsville,West Virginia,USA,US
New Martinsville,West Virginia,USA,US
Parkersburg,West Virginia,USA,US
Philippi,West Virginia,USA,US
Point Pleasant,West Virginia,USA,US
Princeton,West Virginia,USA,US
Romney,West Virginia,USA,US
Shepherdstown,West Virginia,USA,US
South Charleston,West Virginia,USA,US
Summersville,West Virginia,USA,US
Weirton,West Virginia,USA,US
Welch,West Virginia,USA,US
Wellsburg,West Virginia,USA,US
Weston,West Virginia,USA,US
Wheeling,West Virginia,USA,US
White Sulphur Springs,West Virginia,USA,US
Williamson,West Virginia,USA,US
Appleton,Wisconsin,USA,US
Ashland,Wisconsin,USA,US
Baraboo,Wisconsin,USA,US
Belmont,Wisconsin,USA,US
Beloit,Wisconsin,USA,US
Eau Claire,Wisconsin,USA,US
Fond du Lac,Wisconsin,USA,US
Green Bay,Wisconsin,USA,US
Hayward,Wisconsin,USA,US
Janesville,Wisconsin,USA,US
Kenosha,Wisconsin,USA,US
La Crosse,Wisconsin,USA,US
Lake Geneva,Wisconsin,USA,US
Madison,Wisconsin,USA,US
Manitowoc,Wisconsin,USA,US
Marinette,Wisconsin,USA,US
Menasha,Wisconsin,USA,US
Milwaukee,Wisconsin,USA,US
Neenah,Wisconsin,USA,US
New Glarus,Wisconsin,USA,US
Oconto,Wisconsin,USA,US
Oshkosh,Wisconsin,USA,US
Peshtigo,Wisconsin,USA,US
Portage,Wisconsin,USA,US
Prairie du Chien,Wisconsin,USA,US
Racine,Wisconsin,USA,US
Rhinelander,Wisconsin,USA,US
Ripon,Wisconsin,USA,US
Sheboygan,Wisconsin,USA,US
Spring Green,Wisconsin,USA,US
Stevens Point,Wisconsin,USA,US
Sturgeon Bay,Wisconsin,USA,US
Superior,Wisconsin,USA,US
Waukesha,Wisconsin,USA,US
Wausau,Wisconsin,USA,US
Wauwatosa,Wisconsin,USA,US
West Allis,Wisconsin,USA,US
West Bend,Wisconsin,USA,US
Wisconsin Dells,Wisconsin,USA,US
Buffalo,Wyoming,USA,US
Casper,Wyoming,USA,US
Cheyenne,Wyoming,USA,US
Cody,Wyoming,USA,US
Douglas,Wyoming,USA,US
Evanston,Wyoming,USA,US
Gillette,Wyoming,USA,US
Green River,Wyoming,USA,US
Jackson,Wyoming,USA,US
Lander,Wyoming,USA,US
Laramie,Wyoming,USA,US
Newcastle,Wyoming,USA,US
Powell,Wyoming,USA,US
Rawlins,Wyoming,USA,US
Riverton,Wyoming,USA,US
Rock Springs,Wyoming,USA,US
Sheridan,Wyoming,USA,US
Ten Sleep,Wyoming,USA,US
Thermopolis,Wyoming,USA,US
Torrington,Wyoming,USA,US
Worland,Wyoming,USA,US
Port Blair,Andaman and Nicobar Islands,INDIA,IN
Adoni,Andhra Pradesh,INDIA,IN
Amaravati,Andhra Pradesh,INDIA,IN
Anantapur,Andhra Pradesh,INDIA,IN
Chandragiri,Andhra Pradesh,INDIA,IN
Chittoor,Andhra Pradesh,INDIA,IN
Dowlaiswaram,Andhra Pradesh,INDIA,IN
Eluru,Andhra Pradesh,INDIA,IN
Guntur,Andhra Pradesh,INDIA,IN
Kadapa,Andhra Pradesh,INDIA,IN
Kakinada,Andhra Pradesh,INDIA,IN
Kurnool,Andhra Pradesh,INDIA,IN
Machilipatnam,Andhra Pradesh,INDIA,IN
Nagarjunakoṇḍa,Andhra Pradesh,INDIA,IN
Rajahmundry,Andhra Pradesh,INDIA,IN
Srikakulam,Andhra Pradesh,INDIA,IN
Tirupati,Andhra Pradesh,INDIA,IN
Vijayawada,Andhra Pradesh,INDIA,IN
Visakhapatnam,Andhra Pradesh,INDIA,IN
Vizianagaram,Andhra Pradesh,INDIA,IN
Yemmiganur,Andhra Pradesh,INDIA,IN
Itanagar,Arunachal Pradesh,INDIA,IN
Dhuburi,Assam,INDIA,IN
Dibrugarh,Assam,INDIA,IN
Dispur,Assam,INDIA,IN
Guwahati,Assam,INDIA,IN
Jorhat,Assam,INDIA,IN
Nagaon,Assam,INDIA,IN
Sivasagar,Assam,INDIA,IN
Silchar,Assam,INDIA,IN
Tezpur,Assam,INDIA,IN
Tinsukia,Assam,INDIA,IN
Ara,Bihar,INDIA,IN
Barauni,Bihar,INDIA,IN
Begusarai,Bihar,INDIA,IN
Bettiah,Bihar,INDIA,IN
Bhagalpur,Bihar,INDIA,IN
Bihar Sharif,Bihar,INDIA,IN
Bodh Gaya,Bihar,INDIA,IN
Buxar,Bihar,INDIA,IN
Chapra,Bihar,INDIA,IN
Darbhanga,Bihar,INDIA,IN
Dehri,Bihar,INDIA,IN
Dinapur Nizamat,Bihar,INDIA,IN
Gaya,Bihar,INDIA,IN
Hajipur,Bihar,INDIA,IN
Jamalpur,Bihar,INDIA,IN
Katihar,Bihar,INDIA,IN
Madhubani,Bihar,INDIA,IN
Motihari,Bihar,INDIA,IN
Munger,Bihar,INDIA,IN
Muzaffarpur,Bihar,INDIA,IN
Patna,Bihar,INDIA,IN
Purnia,Bihar,INDIA,IN
Pusa,Bihar,INDIA,IN
Saharsa,Bihar,INDIA,IN
Samastipur,Bihar,INDIA,IN
Sasaram,Bihar,INDIA,IN
Sitamarhi,Bihar,INDIA,IN
Siwan,Bihar,INDIA,IN
Chandigarh,Chandigarh,INDIA,IN
Ambikapur,Chhattisgarh,INDIA,IN
Bhilai,Chhattisgarh,INDIA,IN
Bilaspur,Chhattisgarh,INDIA,IN
Dhamtari,Chhattisgarh,INDIA,IN
Durg,Chhattisgarh,INDIA,IN
Jagdalpur,Chhattisgarh,INDIA,IN
Raipur,Chhattisgarh,INDIA,IN
Rajnandgaon,Chhattisgarh,INDIA,IN
Daman,Dadra and Nagar Haveli and Daman and Diu,INDIA,IN
Diu,Dadra and Nagar Haveli and Daman and Diu,INDIA,IN
Silvassa,Dadra and Nagar Haveli and Daman and Diu,INDIA,IN
Delhi,Delhi,INDIA,IN
New Delhi,Delhi,INDIA,IN
Madgaon,Goa,INDIA,IN
Panaji,Goa,INDIA,IN
Ahmadabad,Gujarat,INDIA,IN
Amreli,Gujarat,INDIA,IN
Bharuch,Gujarat,INDIA,IN
Bhavnagar,Gujarat,INDIA,IN
Bhuj,Gujarat,INDIA,IN
Dwarka,Gujarat,INDIA,IN
Gandhinagar,Gujarat,INDIA,IN
Godhra,Gujarat,INDIA,IN
Jamnagar,Gujarat,INDIA,IN
Junagadh,Gujarat,INDIA,IN
Kandla,Gujarat,INDIA,IN
Khambhat,Gujarat,INDIA,IN
Kheda,Gujarat,INDIA,IN
Mahesana,Gujarat,INDIA,IN
Morbi,Gujarat,INDIA,IN
Nadiad,Gujarat,INDIA,IN
Navsari,Gujarat,INDIA,IN
Okha,Gujarat,INDIA,IN
Palanpur,Gujarat,INDIA,IN
Patan,Gujarat,INDIA,IN
Porbandar,Gujarat,INDIA,IN
Rajkot,Gujarat,INDIA,IN
Surat,Gujarat,INDIA,IN
Surendranagar,Gujarat,INDIA,IN
Valsad,Gujarat,INDIA,IN
Veraval,Gujarat,INDIA,IN
Ambala,Haryana,INDIA,IN
Bhiwani,Haryana,INDIA,IN
Chandigarh,Haryana,INDIA,IN
Faridabad,Haryana,INDIA,IN
Firozpur Jhirka,Haryana,INDIA,IN
Gurugram,Haryana,INDIA,IN
Hansi,Haryana,INDIA,IN
Hisar,Haryana,INDIA,IN
Jind,Haryana,INDIA,IN
Kaithal,Haryana,INDIA,IN
Karnal,Haryana,INDIA,IN
Kurukshetra,Haryana,INDIA,IN
Panipat,Haryana,INDIA,IN
Pehowa,Haryana,INDIA,IN
Rewari,Haryana,INDIA,IN
Rohtak,Haryana,INDIA,IN
Sirsa,Haryana,INDIA,IN
Sonipat,Haryana,INDIA,IN
Bilaspur,Himachal Pradesh,INDIA,IN
Chamba,Himachal Pradesh,INDIA,IN
Dalhousie,Himachal Pradesh,INDIA,IN
Dharmshala,Himachal Pradesh,INDIA,IN
Hamirpur,Himachal Pradesh,INDIA,IN
Kangra,Himachal Pradesh,INDIA,IN
Kullu,Himachal Pradesh,INDIA,IN
Mandi,Himachal Pradesh,INDIA,IN
Nahan,Himachal Pradesh,INDIA,IN
Shimla,Himachal Pradesh,INDIA,IN
Una,Himachal Pradesh,INDIA,IN
Anantnag,Jammu and Kashmir,INDIA,IN
Baramula,Jammu and Kashmir,INDIA,IN
Doda,Jammu and Kashmir,INDIA,IN
Gulmarg,Jammu and Kashmir,INDIA,IN
Jammu,Jammu and Kashmir,INDIA,IN
Kathua,Jammu and Kashmir,INDIA,IN
Punch,Jammu and Kashmir,INDIA,IN
Rajouri,Jammu and Kashmir,INDIA,IN
Srinagar,Jammu and Kashmir,INDIA,IN
Udhampur,Jammu and Kashmir,INDIA,IN
Bokaro,Jharkhand,INDIA,IN
Chaibasa,Jharkhand,INDIA,IN
Deoghar,Jharkhand,INDIA,IN
Dhanbad,Jharkhand,INDIA,IN
Dumka,Jharkhand,INDIA,IN
Giridih,Jharkhand,INDIA,IN
Hazaribag,Jharkhand,INDIA,IN
Jamshedpur,Jharkhand,INDIA,IN
Jharia,Jharkhand,INDIA,IN
Rajmahal,Jharkhand,INDIA,IN
Ranchi,Jharkhand,INDIA,IN
Saraikela,Jharkhand,INDIA,IN
Badami,Karnataka,INDIA,IN
Ballari,Karnataka,INDIA,IN
Bengaluru,Karnataka,INDIA,IN
Belagavi,Karnataka,INDIA,IN
Bhadravati,Karnataka,INDIA,IN
Bidar,Karnataka,INDIA,IN
Chikkamagaluru,Karnataka,INDIA,IN
Chitradurga,Karnataka,INDIA,IN
Davangere,Karnataka,INDIA,IN
Halebid,Karnataka,INDIA,IN
Hassan,Karnataka,INDIA,IN
Hubballi-Dharwad,Karnataka,INDIA,IN
Kalaburagi,Karnataka,INDIA,IN
Kolar,Karnataka,INDIA,IN
Madikeri,Karnataka,INDIA,IN
Mandya,Karnataka,INDIA,IN
Mangaluru,Karnataka,INDIA,IN
Mysuru,Karnataka,INDIA,IN
Raichur,Karnataka,INDIA,IN
Shivamogga,Karnataka,INDIA,IN
Shravanabelagola,Karnataka,INDIA,IN
Shrirangapattana,Karnataka,INDIA,IN
Tumakuru,Karnataka,INDIA,IN
Vijayapura,Karnataka,INDIA,IN
Alappuzha,Kerala,INDIA,IN
Vatakara,Kerala,INDIA,IN
Idukki,Kerala,INDIA,IN
Kannur,Kerala,INDIA,IN
Kochi,Kerala,INDIA,IN
Kollam,Kerala,INDIA,IN
Kottayam,Kerala,INDIA,IN
Kozhikode,Kerala,INDIA,IN
Mattancheri,Kerala,INDIA,IN
Palakkad,Kerala,INDIA,IN
Thalassery,Kerala,INDIA,IN
Thiruvananthapuram,Kerala,INDIA,IN
Thrissur,Kerala,INDIA,IN
Kargil,Ladakh,INDIA,IN
Leh,Ladakh,INDIA,IN
Balaghat,Madhya Pradesh,INDIA,IN
Barwani,Madhya Pradesh,INDIA,IN
Betul,Madhya Pradesh,INDIA,IN
Bharhut,Madhya Pradesh,INDIA,IN
Bhind,Madhya Pradesh,INDIA,IN
Bhojpur,Madhya Pradesh,INDIA,IN
Bhopal,Madhya Pradesh,INDIA,IN
Burhanpur,Madhya Pradesh,INDIA,IN
Chhatarpur,Madhya Pradesh,INDIA,IN
Chhindwara,Madhya Pradesh,INDIA,IN
Damoh,Madhya Pradesh,INDIA,IN
Datia,Madhya Pradesh,INDIA,IN
Dewas,Madhya Pradesh,INDIA,IN
Dhar,Madhya Pradesh,INDIA,IN
Dr. Ambedkar Nagar (Mhow),Madhya Pradesh,INDIA,IN
Guna,Madhya Pradesh,INDIA,IN
Gwalior,Madhya Pradesh,INDIA,IN
Hoshangabad,Madhya Pradesh,INDIA,IN
Indore,Madhya Pradesh,INDIA,IN
Itarsi,Madhya Pradesh,INDIA,IN
Jabalpur,Madhya Pradesh,INDIA,IN
Jhabua,Madhya Pradesh,INDIA,IN
Khajuraho,Madhya Pradesh,INDIA,IN
Khandwa,Madhya Pradesh,INDIA,IN
Khargone,Madhya Pradesh,INDIA,IN
Maheshwar,Madhya Pradesh,INDIA,IN
Mandla,Madhya Pradesh,INDIA,IN
Mandsaur,Madhya Pradesh,INDIA,IN
Morena,Madhya Pradesh,INDIA,IN
Murwara,Madhya Pradesh,INDIA,IN
Narsimhapur,Madhya Pradesh,INDIA,IN
Narsinghgarh,Madhya Pradesh,INDIA,IN
Narwar,Madhya Pradesh,INDIA,IN
Neemuch,Madhya Pradesh,INDIA,IN
Nowgong,Madhya Pradesh,INDIA,IN
Orchha,Madhya Pradesh,INDIA,IN
Panna,Madhya Pradesh,INDIA,IN
Raisen,Madhya Pradesh,INDIA,IN
Rajgarh,Madhya Pradesh,INDIA,IN
Ratlam,Madhya Pradesh,INDIA,IN
Rewa,Madhya Pradesh,INDIA,IN
Sagar,Madhya Pradesh,INDIA,IN
Sarangpur,Madhya Pradesh,INDIA,IN
Satna,Madhya Pradesh,INDIA,IN
Sehore,Madhya Pradesh,INDIA,IN
Seoni,Madhya Pradesh,INDIA,IN
Shahdol,Madhya Pradesh,INDIA,IN
Shajapur,Madhya Pradesh,INDIA,IN
Sheopur,Madhya Pradesh,INDIA,IN
Shivpuri,Madhya Pradesh,INDIA,IN
Ujjain,Madhya Pradesh,INDIA,IN
Vidisha,Madhya Pradesh,INDIA,IN
Ahmadnagar,Maharashtra,INDIA,IN
Akola,Maharashtra,INDIA,IN
Amravati,Maharashtra,INDIA,IN
Aurangabad,Maharashtra,INDIA,IN
Bhandara,Maharashtra,INDIA,IN
Bhusawal,Maharashtra,INDIA,IN
Bid,Maharashtra,INDIA,IN
Buldhana,Maharashtra,INDIA,IN
Chandrapur,Maharashtra,INDIA,IN
Daulatabad,Maharashtra,INDIA,IN
Dhule,Maharashtra,INDIA,IN
Jalgaon,Maharashtra,INDIA,IN
Kalyan,Maharashtra,INDIA,IN
Karli,Maharashtra,INDIA,IN
Kolhapur,Maharashtra,INDIA,IN
Mahabaleshwar,Maharashtra,INDIA,IN
Malegaon,Maharashtra,INDIA,IN
Matheran,Maharashtra,INDIA,IN
Mumbai,Maharashtra,INDIA,IN
Nagpur,Maharashtra,INDIA,IN
Nanded,Maharashtra,INDIA,IN
Nashik,Maharashtra,INDIA,IN
Osmanabad,Maharashtra,INDIA,IN
Pandharpur,Maharashtra,INDIA,IN
Parbhani,Maharashtra,INDIA,IN
Pune,Maharashtra,INDIA,IN
Ratnagiri,Maharashtra,INDIA,IN
Sangli,Maharashtra,INDIA,IN
Satara,Maharashtra,INDIA,IN
Sevagram,Maharashtra,INDIA,IN
Solapur,Maharashtra,INDIA,IN
Thane,Maharashtra,INDIA,IN
Ulhasnagar,Maharashtra,INDIA,IN
Vasai-Virar,Maharashtra,INDIA,IN
Wardha,Maharashtra,INDIA,IN
Yavatmal,Maharashtra,INDIA,IN
Imphal,Manipur,INDIA,IN
Cherrapunji,Meghalaya,INDIA,IN
Shillong,Meghalaya,INDIA,IN
Aizawl,Mizoram,INDIA,IN
Lunglei,Mizoram,INDIA,IN
Kohima,Nagaland,INDIA,IN
Mon,Nagaland,INDIA,IN
Phek,Nagaland,INDIA,IN
Wokha,Nagaland,INDIA,IN
Zunheboto,Nagaland,INDIA,IN
Balangir,Odisha,INDIA,IN
Baleshwar,Odisha,INDIA,IN
Baripada,Odisha,INDIA,IN
Bhubaneshwar,Odisha,INDIA,IN
Brahmapur,Odisha,INDIA,IN
Cuttack,Odisha,INDIA,IN
Dhenkanal,Odisha,INDIA,IN
Kendujhar,Odisha,INDIA,IN
Konark,Odisha,INDIA,IN
Koraput,Odisha,INDIA,IN
Paradip,Odisha,INDIA,IN
Phulabani,Odisha,INDIA,IN
Puri,Odisha,INDIA,IN
Sambalpur,Odisha,INDIA,IN
Udayagiri,Odisha,INDIA,IN
Karaikal,Puducherry,INDIA,IN
Mahe,Puducherry,INDIA,IN
Puducherry,Puducherry,INDIA,IN
Yanam,Puducherry,INDIA,IN
Amritsar,Punjab,INDIA,IN
Batala,Punjab,INDIA,IN
Chandigarh,Punjab,INDIA,IN
Faridkot,Punjab,INDIA,IN
Firozpur,Punjab,INDIA,IN
Gurdaspur,Punjab,INDIA,IN
Hoshiarpur,Punjab,INDIA,IN
Jalandhar,Punjab,INDIA,IN
Kapurthala,Punjab,INDIA,IN
Ludhiana,Punjab,INDIA,IN
Nabha,Punjab,INDIA,IN
Patiala,Punjab,INDIA,IN
Rupnagar,Punjab,INDIA,IN
Sangrur,Punjab,INDIA,IN
Abu,Rajasthan,INDIA,IN
Ajmer,Rajasthan,INDIA,IN
Alwar,Rajasthan,INDIA,IN
Amer,Rajasthan,INDIA,IN
Barmer,Rajasthan,INDIA,IN
Beawar,Rajasthan,INDIA,IN
Bharatpur,Rajasthan,INDIA,IN
Bhilwara,Rajasthan,INDIA,IN
Bikaner,Rajasthan,INDIA,IN
Bundi,Rajasthan,INDIA,IN
Chittaurgarh,Rajasthan,INDIA,IN
Churu,Rajasthan,INDIA,IN
Dhaulpur,Rajasthan,INDIA,IN
Dungarpur,Rajasthan,INDIA,IN
Ganganagar,Rajasthan,INDIA,IN
Hanumangarh,Rajasthan,INDIA,IN
Jaipur,Rajasthan,INDIA,IN
Jaisalmer,Rajasthan,INDIA,IN
Jalor,Rajasthan,INDIA,IN
Jhalawar,Rajasthan,INDIA,IN
Jhunjhunu,Rajasthan,INDIA,IN
Jodhpur,Rajasthan,INDIA,IN
Kishangarh,Rajasthan,INDIA,IN
Kota,Rajasthan,INDIA,IN
Merta,Rajasthan,INDIA,IN
Nagaur,Rajasthan,INDIA,IN
Nathdwara,Rajasthan,INDIA,IN
Pali,Rajasthan,INDIA,IN
Phalodi,Rajasthan,INDIA,IN
Pushkar,Rajasthan,INDIA,IN
Sawai Madhopur,Rajasthan,INDIA,IN
Shahpura,Rajasthan,INDIA,IN
Sikar,Rajasthan,INDIA,IN
Sirohi,Rajasthan,INDIA,IN
Tonk,Rajasthan,INDIA,IN
Udaipur,Rajasthan,INDIA,IN
Gangtok,Sikkim,INDIA,IN
Gyalshing,Sikkim,INDIA,IN
Lachung,Sikkim,INDIA,IN
Mangan,Sikkim,INDIA,IN
Arcot,Tamil Nadu,INDIA,IN
Chengalpattu,Tamil Nadu,INDIA,IN
Chennai,Tamil Nadu,INDIA,IN
Chidambaram,Tamil Nadu,INDIA,IN
Coimbatore,Tamil Nadu,INDIA,IN
Cuddalore,Tamil Nadu,INDIA,IN
Dharmapuri,Tamil Nadu,INDIA,IN
Dindigul,Tamil Nadu,INDIA,IN
Erode,Tamil Nadu,INDIA,IN
Kanchipuram,Tamil Nadu,INDIA,IN
Kanniyakumari,Tamil Nadu,INDIA,IN
Kodaikanal,Tamil Nadu,INDIA,IN
Kumbakonam,Tamil Nadu,INDIA,IN
Madurai,Tamil Nadu,INDIA,IN
Mamallapuram,Tamil Nadu,INDIA,IN
Nagappattinam,Tamil Nadu,INDIA,IN
Nagercoil,Tamil Nadu,INDIA,IN
Palayamkottai,Tamil Nadu,INDIA,IN
Pudukkottai,Tamil Nadu,INDIA,IN
Rajapalayam,Tamil Nadu,INDIA,IN
Ramanathapuram,Tamil Nadu,INDIA,IN
Salem,Tamil Nadu,INDIA,IN
Thanjavur,Tamil Nadu,INDIA,IN
Tiruchchirappalli,Tamil Nadu,INDIA,IN
Tirunelveli,Tamil Nadu,INDIA,IN
Tiruppur,Tamil Nadu,INDIA,IN
Thoothukudi,Tamil Nadu,INDIA,IN
Udhagamandalam,Tamil Nadu,INDIA,IN
Vellore,Tamil Nadu,INDIA,IN
Hyderabad,Telangana,INDIA,IN
Karimnagar,Telangana,INDIA,IN
Khammam,Telangana,INDIA,IN
Mahbubnagar,Telangana,INDIA,IN
Nizamabad,Telangana,INDIA,IN
Sangareddi,Telangana,INDIA,IN
Warangal,Telangana,INDIA,IN
Tripura,Telangana,INDIA,IN
Agartala,Tripura,INDIA,IN
Agra,Uttar Pradesh,INDIA,IN
Aligarh,Uttar Pradesh,INDIA,IN
Amroha,Uttar Pradesh,INDIA,IN
Ayodhya,Uttar Pradesh,INDIA,IN
Azamgarh,Uttar Pradesh,INDIA,IN
Bahraich,Uttar Pradesh,INDIA,IN
Ballia,Uttar Pradesh,INDIA,IN
Banda,Uttar Pradesh,INDIA,IN
Bara Banki,Uttar Pradesh,INDIA,IN
Bareilly,Uttar Pradesh,INDIA,IN
Basti,Uttar Pradesh,INDIA,IN
Bijnor,Uttar Pradesh,INDIA,IN
Bithur,Uttar Pradesh,INDIA,IN
Budaun,Uttar Pradesh,INDIA,IN
Bulandshahr,Uttar Pradesh,INDIA,IN
Deoria,Uttar Pradesh,INDIA,IN
Etah,Uttar Pradesh,INDIA,IN
Etawah,Uttar Pradesh,INDIA,IN
Faizabad,Uttar Pradesh,INDIA,IN
Farrukhabad-cum-Fatehgarh,Uttar Pradesh,INDIA,IN
Fatehpur,Uttar Pradesh,INDIA,IN
Fatehpur Sikri,Uttar Pradesh,INDIA,IN
Ghaziabad,Uttar Pradesh,INDIA,IN
Ghazipur,Uttar Pradesh,INDIA,IN
Gonda,Uttar Pradesh,INDIA,IN
Gorakhpur,Uttar Pradesh,INDIA,IN
Hamirpur,Uttar Pradesh,INDIA,IN
Hardoi,Uttar Pradesh,INDIA,IN
Hathras,Uttar Pradesh,INDIA,IN
Jalaun,Uttar Pradesh,INDIA,IN
Jaunpur,Uttar Pradesh,INDIA,IN
Jhansi,Uttar Pradesh,INDIA,IN
Kannauj,Uttar Pradesh,INDIA,IN
Kanpur,Uttar Pradesh,INDIA,IN
Lakhimpur,Uttar Pradesh,INDIA,IN
Lalitpur,Uttar Pradesh,INDIA,IN
Lucknow,Uttar Pradesh,INDIA,IN
Mainpuri,Uttar Pradesh,INDIA,IN
Mathura,Uttar Pradesh,INDIA,IN
Meerut,Uttar Pradesh,INDIA,IN
Mirzapur-Vindhyachal,Uttar Pradesh,INDIA,IN
Moradabad,Uttar Pradesh,INDIA,IN
Muzaffarnagar,Uttar Pradesh,INDIA,IN
Partapgarh,Uttar Pradesh,INDIA,IN
Pilibhit,Uttar Pradesh,INDIA,IN
Prayagraj,Uttar Pradesh,INDIA,IN
Rae Bareli,Uttar Pradesh,INDIA,IN
Rampur,Uttar Pradesh,INDIA,IN
Saharanpur,Uttar Pradesh,INDIA,IN
Sambhal,Uttar Pradesh,INDIA,IN
Shahjahanpur,Uttar Pradesh,INDIA,IN
Sitapur,Uttar Pradesh,INDIA,IN
Sultanpur,Uttar Pradesh,INDIA,IN
Tehri,Uttar Pradesh,INDIA,IN
Varanasi,Uttar Pradesh,INDIA,IN
Almora,Uttarakhand,INDIA,IN
Dehra Dun,Uttarakhand,INDIA,IN
Haridwar,Uttarakhand,INDIA,IN
Mussoorie,Uttarakhand,INDIA,IN
Nainital,Uttarakhand,INDIA,IN
Pithoragarh,Uttarakhand,INDIA,IN
Alipore,West Bengal,INDIA,IN
Alipur Duar,West Bengal,INDIA,IN
Asansol,West Bengal,INDIA,IN
Baharampur,West Bengal,INDIA,IN
Bally,West Bengal,INDIA,IN
Balurghat,West Bengal,INDIA,IN
Bankura,West Bengal,INDIA,IN
Baranagar,West Bengal,INDIA,IN
Barasat,West Bengal,INDIA,IN
Barrackpore,West Bengal,INDIA,IN
Basirhat,West Bengal,INDIA,IN
Bhatpara,West Bengal,INDIA,IN
Bishnupur,West Bengal,INDIA,IN
Budge Budge,West Bengal,INDIA,IN
Burdwan,West Bengal,INDIA,IN
Chandernagore,West Bengal,INDIA,IN
Darjeeling,West Bengal,INDIA,IN
Diamond Harbour,West Bengal,INDIA,IN
Dum Dum,West Bengal,INDIA,IN
Durgapur,West Bengal,INDIA,IN
Halisahar,West Bengal,INDIA,IN
Haora,West Bengal,INDIA,IN
Hugli,West Bengal,INDIA,IN
Ingraj Bazar,West Bengal,INDIA,IN
Jalpaiguri,West Bengal,INDIA,IN
Kalimpong,West Bengal,INDIA,IN
Kamarhati,West Bengal,INDIA,IN
Kanchrapara,West Bengal,INDIA,IN
Kharagpur,West Bengal,INDIA,IN
Cooch Behar,West Bengal,INDIA,IN
Kolkata,West Bengal,INDIA,IN
Krishnanagar,West Bengal,INDIA,IN
Malda,West Bengal,INDIA,IN
Midnapore,West Bengal,INDIA,IN
Murshidabad,West Bengal,INDIA,IN
Nabadwip,West Bengal,INDIA,IN
Palashi,West Bengal,INDIA,IN
Panihati,West Bengal,INDIA,IN
Purulia,West Bengal,INDIA,IN
Raiganj,West Bengal,INDIA,IN
Santipur,West Bengal,INDIA,IN
Shantiniketan,West Bengal,INDIA,IN
Shrirampur,West Bengal,INDIA,IN
Siliguri,West Bengal,INDIA,IN
Siuri,West Bengal,INDIA,IN
Tamluk,West Bengal,INDIA,IN
Titagarh,West Bengal,INDIA,IN
Ahmedabad,Gujarat,INDIA,IN

